[
    {
        "id": "item",
        "predicates": [{
            "name": "Path",
            "args": {"_genkey_0":"/items/**", "_genkey_1":"/search/**"}
        }],
        "filters": [],
        "uri": "lb://item-service"
    },
    {
        "id": "cart",
        "predicates": [{
            "name": "Path",
            "args": {"_genkey_0":"/carts/**"}
        }],
        "filters": [],
        "uri": "lb://cart-service"
    },
    {
        "id": "user",
        "predicates": [{
            "name": "Path",
            "args": {"_genkey_0":"/users/**", "_genkey_1":"/addresses/**"}
        }],
        "filters": [],
        "uri": "lb://user-service"
    },
    {
        "id": "trade",
        "predicates": [{
            "name": "Path",
            "args": {"_genkey_0":"/orders/**"}
        }],
        "filters": [],
        "uri": "lb://trade-service"
    },
    {
        "id": "pay",
        "predicates": [{
            "name": "Path",
            "args": {"_genkey_0":"/pay-orders/**"}
        }],
        "filters": [],
        "uri": "lb://pay-service"
    }
]